<?xml version="1.0" encoding="UTF-8"?>
<addon id="plugin.video.video-hub"
       version="0.1.0"
       name="Video Hub"
       provider-name="gigorok">
    <requires>
        <import addon="xbmc.python" version="2.24.0"/>
    </requires>
    <extension point="xbmc.python.pluginsource" library="main.py">
        <provides>video</provides>
    </extension>
    <extension point="xbmc.addon.metadata">
        <summary lang="en">Video Hub</summary>
        <description lang="en">Kodi Video Hub addon.</description>
        <assets>
            <icon>icon.png</icon>
            <fanart>fanart.jpg</fanart>
        </assets>
    </extension>
</addon>
